Neighborhood,Id,Estimate; Total:,Margin of Error; Total:,Estimate; Income in the past 12 months below poverty level:,Margin of Error; Income in the past 12 months below poverty level:,Estimate; Income in the past 12 months below poverty level: - In family households:,Margin of Error; Income in the past 12 months below poverty level: - In family households:,Estimate; Income in the past 12 months below poverty level: - In family households: - In married couple families:,Margin of Error; Income in the past 12 months below poverty level: - In family households: - In married couple families:,Estimate; Income in the past 12 months below poverty level: - In family households: - In married couple families: - All relatives,Margin of Error; Income in the past 12 months below poverty level: - In family households: - In married couple families: - All relatives,Estimate; Income in the past 12 months below poverty level: - In family households: - In married couple families: - Non-relatives,Margin of Error; Income in the past 12 months below poverty level: - In family households: - In married couple families: - Non-relatives,Estimate; Income in the past 12 months below poverty level: - In family households: - In other families:,Margin of Error; Income in the past 12 months below poverty level: - In family households: - In other families:,"Estimate; Income in the past 12 months below poverty level: - In family households: - In other families: - Male householder, no wife present:","Margin of Error; Income in the past 12 months below poverty level: - In family households: - In other families: - Male householder, no wife present:","Estimate; Income in the past 12 months below poverty level: - In family households: - In other families: - Male householder, no wife present: - All relatives","Margin of Error; Income in the past 12 months below poverty level: - In family households: - In other families: - Male householder, no wife present: - All relatives","Estimate; Income in the past 12 months below poverty level: - In family households: - In other families: - Male householder, no wife present: - Non-relatives","Margin of Error; Income in the past 12 months below poverty level: - In family households: - In other families: - Male householder, no wife present: - Non-relatives","Estimate; Income in the past 12 months below poverty level: - In family households: - In other families: - Female householder, no husband present:","Margin of Error; Income in the past 12 months below poverty level: - In family households: - In other families: - Female householder, no husband present:","Estimate; Income in the past 12 months below poverty level: - In family households: - In other families: - Female householder, no husband present: - All relatives","Margin of Error; Income in the past 12 months below poverty level: - In family households: - In other families: - Female householder, no husband present: - All relatives","Estimate; Income in the past 12 months below poverty level: - In family households: - In other families: - Female householder, no husband present: - Non-relatives","Margin of Error; Income in the past 12 months below poverty level: - In family households: - In other families: - Female householder, no husband present: - Non-relatives",Estimate; Income in the past 12 months below poverty level: - In non-family households and other living arrangement:,Margin of Error; Income in the past 12 months below poverty level: - In non-family households and other living arrangement:,Estimate; Income in the past 12 months below poverty level: - In non-family households and other living arrangement: - Householder:,Margin of Error; Income in the past 12 months below poverty level: - In non-family households and other living arrangement: - Householder:,Estimate; Income in the past 12 months below poverty level: - In non-family households and other living arrangement: - Householder: - Living alone,Margin of Error; Income in the past 12 months below poverty level: - In non-family households and other living arrangement: - Householder: - Living alone,Estimate; Income in the past 12 months below poverty level: - In non-family households and other living arrangement: - Householder: - Not living alone,Margin of Error; Income in the past 12 months below poverty level: - In non-family households and other living arrangement: - Householder: - Not living alone,Estimate; Income in the past 12 months below poverty level: - In non-family households and other living arrangement: - Other living arrangement,Margin of Error; Income in the past 12 months below poverty level: - In non-family households and other living arrangement: - Other living arrangement,Estimate; Income in the past 12 months at or above poverty level:,Margin of Error; Income in the past 12 months at or above poverty level:,Estimate; Income in the past 12 months at or above poverty level: - In family households:,Margin of Error; Income in the past 12 months at or above poverty level: - In family households:,Estimate; Income in the past 12 months at or above poverty level: - In family households: - In married couple families:,Margin of Error; Income in the past 12 months at or above poverty level: - In family households: - In married couple families:,Estimate; Income in the past 12 months at or above poverty level: - In family households: - In married couple families: - All relatives,Margin of Error; Income in the past 12 months at or above poverty level: - In family households: - In married couple families: - All relatives,Estimate; Income in the past 12 months at or above poverty level: - In family households: - In married couple families: - Non-relatives,Margin of Error; Income in the past 12 months at or above poverty level: - In family households: - In married couple families: - Non-relatives,Estimate; Income in the past 12 months at or above poverty level: - In family households: - In other families:,Margin of Error; Income in the past 12 months at or above poverty level: - In family households: - In other families:,"Estimate; Income in the past 12 months at or above poverty level: - In family households: - In other families: - Male householder, no wife present:","Margin of Error; Income in the past 12 months at or above poverty level: - In family households: - In other families: - Male householder, no wife present:","Estimate; Income in the past 12 months at or above poverty level: - In family households: - In other families: - Male householder, no wife present: - All relatives","Margin of Error; Income in the past 12 months at or above poverty level: - In family households: - In other families: - Male householder, no wife present: - All relatives","Estimate; Income in the past 12 months at or above poverty level: - In family households: - In other families: - Male householder, no wife present: - Non-relatives","Margin of Error; Income in the past 12 months at or above poverty level: - In family households: - In other families: - Male householder, no wife present: - Non-relatives","Estimate; Income in the past 12 months at or above poverty level: - In family households: - In other families: - Female householder, no husband present:","Margin of Error; Income in the past 12 months at or above poverty level: - In family households: - In other families: - Female householder, no husband present:","Estimate; Income in the past 12 months at or above poverty level: - In family households: - In other families: - Female householder, no husband present: - All relatives","Margin of Error; Income in the past 12 months at or above poverty level: - In family households: - In other families: - Female householder, no husband present: - All relatives","Estimate; Income in the past 12 months at or above poverty level: - In family households: - In other families: - Female householder, no husband present: - Non-relatives","Margin of Error; Income in the past 12 months at or above poverty level: - In family households: - In other families: - Female householder, no husband present: - Non-relatives",Estimate; Income in the past 12 months at or above poverty level: - In non-family households and other living arrangement:,Margin of Error; Income in the past 12 months at or above poverty level: - In non-family households and other living arrangement:,Estimate; Income in the past 12 months at or above poverty level: - In non-family households and other living arrangement: - Householder:,Margin of Error; Income in the past 12 months at or above poverty level: - In non-family households and other living arrangement: - Householder:,Estimate; Income in the past 12 months at or above poverty level: - In non-family households and other living arrangement: - Householder: - Living alone,Margin of Error; Income in the past 12 months at or above poverty level: - In non-family households and other living arrangement: - Householder: - Living alone,Estimate; Income in the past 12 months at or above poverty level: - In non-family households and other living arrangement: - Householder: - Not living alone,Margin of Error; Income in the past 12 months at or above poverty level: - In non-family households and other living arrangement: - Householder: - Not living alone,Estimate; Income in the past 12 months at or above poverty level: - In non-family households and other living arrangement: - Other living arrangement,Margin of Error; Income in the past 12 months at or above poverty level: - In non-family households and other living arrangement: - Other living arrangement
Allegheny Center,1,1130,184,516,195,290,202,163,195,163,195,0,10,127,80,0,10,0,10,0,10,127,80,121,74,6,10,226,83,205,82,182,84,23,20,21,16,614,138,143,76,143,76,143,76,0,10,0,10,0,10,0,10,0,10,0,10,0,10,0,10,471,113,375,85,309,80,66,38,96,57
Allegheny West,2,331,104,45,26,0,10,0,10,0,10,0,10,0,10,0,10,0,10,0,10,0,10,0,10,0,10,45,26,0,10,0,10,0,10,45,26,286,102,199,101,186,99,179,94,7,11,13,19,13,19,13,19,0,10,0,10,0,10,0,10,87,40,79,36,66,34,13,13,8,11
Allentown,3,2624,499.0130259,750,397.3159951,490,400.2511711,0,17.32050808,0,17.32050808,0,17.32050808,490,400.2511711,0,17.32050808,0,17.32050808,0,17.32050808,490,400.2511711,449,379.5655411,41,64.56779383,260,120.158229,171,72.59476565,171,72.59476565,0,17.32050808,89,102.8056419,1874,360.2568528,1480,344.164205,544,220.5561153,544,220.5561153,0,17.32050808,936,357.3863456,71,66.82065549,71,66.82065549,0,17.32050808,865,355.9676952,865,355.9676952,0,17.32050808,394,136.6382084,328,105.8772875,274,98.20896089,54,54.08326913,66,56.96490147
Arlington,4,1890,367.887211,343,160.6268969,279,158.7765726,97,96.04686356,83,97.03607577,14,23.68543856,182,126.6925412,113,113.1812705,103,101.3656747,10,20.61552813,69,60.55575943,22,35.90264614,47,37.28270376,64,30.6757233,43,25.37715508,33,24.75883681,10,15.77973384,21,19.6977156,1547,319.7717936,1113,283.3619593,724,262.2880096,712,261.6524412,12,22.89104628,389,164.0731544,17,25.3179778,17,25.3179778,0,17.32050808,372,167.0209568,372,167.0209568,0,17.32050808,434,172.5659294,230,71.67984375,125,51.85556865,105,49.60846702,204,117.6350288
Arlington Heights,5,380,196,278,198,257,196,0,10,0,10,0,10,257,196,0,10,0,10,0,10,257,196,257,196,0,10,21,18,21,18,21,18,0,10,0,10,102,75,55,79,0,10,0,10,0,10,55,79,0,10,0,10,0,10,55,79,49,79,6,9,47,38,47,38,47,38,0,10,0,10
Banksville,6,3944,494.2054229,252,175.8351501,178,166.9790406,118,152.9836593,118,152.9836593,0,20,60,66.70832032,0,20,0,20,0,20,60,66.70832032,27,46.35730795,33,51.97114584,74,57.18391382,33,39.39543121,33,39.39543121,0,20,41,44.17012565,3692,453.2085613,2474,436.5856159,1954,391.537993,1954,391.537993,0,20,520,288.6399141,69,79.67433715,69,79.67433715,0,20,451,277.2093072,379,225.7720089,72,105.4324428,1218,260.6184951,1057,228.1556486,891,231.7757537,166,80.95060222,161,90.49309366
Bedford Dwellings,7,1169,169,815,196,566,201,113,133,113,133,0,10,453,153,48,50,48,50,0,10,405,142,405,142,0,10,249,77,234,74,211,75,23,20,15,18,354,102,197,97,33,27,33,27,0,10,164,92,28,45,28,45,0,10,136,91,136,91,0,10,157,60,152,59,152,59,0,10,5,8
Beechview,8,8081,751.3700819,1473,435.6213953,1146,428.8939263,392,319.7139346,384,319.6060075,8,32.69556545,754,283.0706626,151,139.5564402,21,45.3431362,130,136.8539367,603,259.2103393,570,251.4895624,33,47.4341649,327,103.3295698,244,94.44575163,202,89.79420917,42,39.01281841,83,47.05316142,6608,665.8415727,5130,648.2244981,3250,540.4710908,3250,540.4710908,0,31.6227766,1880,416.5957273,636,255.0509753,569,232.5489196,67,52.35456045,1244,349.4653059,1137,323.7159248,107,67.58698099,1478,266.9513064,1243,207.9855764,994,180.2442787,249,111.8972743,235,109.7998179
Beltzhoover,9,1885,337.7617504,554,210.964452,323,191.3191052,0,20,0,20,0,20,323,191.3191052,44,69.20260111,44,69.20260111,0,20,279,178.4460703,261,172.017441,18,26.11512971,231,128.5379321,205,109.3846424,166,99.56404974,39,46.49731175,26,42.67317659,1331,298.0637516,1122,303,593,262.8954165,593,262.8954165,0,20,529,190.3785702,206,170.3584456,186,166.4962462,20,30.41381265,323,157.990506,323,157.990506,0,20,209,74.04052944,188,67.60917098,184,67.60917098,4,19.5192213,21,29.86636905
Bloomfield,10,8702,527.9374963,1760,316.7948863,392,189.881542,175,134.6216922,175,134.6216922,0,31.6227766,217,136.0551359,57,60.10823571,33,48.41487375,24,47.63402146,160,126.0872714,155,125.8014308,5,31.32091953,1368,254.0688883,733,135.4769353,439,103.8315944,294,87.62990357,635,179.3711237,6942,502.0756915,3321,425.3398641,2229,324.44414,2229,324.44414,0,31.6227766,1092,304.0608492,473,226.2564916,401,197.2739212,72,54.93632678,619,200.3721538,601,195.7191866,18,31.01612484,3621,347.5471191,2592,212.4970588,1826,190.908355,766,142.3551896,1029,211.1350279
Bluff,11,630,136.370818,215,111.1800342,11,24.2693222,0,20,0,20,0,20,11,24.2693222,11,24.2693222,11,24.2693222,0,20,0,20,0,20,0,20,204,109.2062269,79,38.10511777,47,30.41381265,32,28.58321186,125,95.7340065,415,110.2043556,187,70.83078427,144,61.78187436,144,61.78187436,0,20,43,41.76122604,38,38.15756806,38,38.15756806,0,20,5,23.57965225,5,23.57965225,0,20,228,92.66067127,122,62.00806399,95,55.90169944,27,29.74894956,106,65.95452979
Bon Air,12,832,175,140,167,133,167,0,10,0,10,0,10,133,167,0,10,0,10,0,10,133,167,133,167,0,10,7,10,0,10,0,10,0,10,7,10,692,143,571,159,558,158,558,158,0,10,13,23,0,10,0,10,0,10,13,23,13,23,0,10,121,68,106,60,89,55,17,18,15,16
Brighton Heights,13,7249,524.8161583,945,307.2767482,613,289.7809518,157,119.3943047,148,118.8528502,9,28.21347196,456,258.9227684,174,133.0526212,91,111.8257573,83,76.79843748,282,224.247631,269,216.3492547,13,35.7211422,332,106.9298836,253,82.40752393,209,78.47929663,44,37.74917218,79,51.45872132,6304,472.4732797,4951,495.0303021,3462,430.3765793,3443,428.7598395,19,38.72983346,1489,331.7529201,410,202.1880313,400,199.2385505,10,28.72281323,1079,303.720266,1061,301.9784761,18,25.70992026,1353,224.9088704,1102,174.9914284,920,162.6407083,182,70.9929574,251,95.8018789
Brookline,14,13191,916.3301807,1361,342.595972,972,318.6675384,421,243.8031993,368,240.1728544,53,62.69768736,551,216.9861747,138,105.2140675,113,100.9058968,25,48.86716689,413,190.4730952,380,185.6555951,33,46.06517123,389,137.5863365,257,88.06247782,217,81.97560613,40,49.31531202,132,106.8082394,11830,906.9228192,9237,935.7088222,6677,850.6338813,6663,849.3485739,14,41.96427052,2560,528.2338497,723,331.8975746,648,292.3337134,75,74.04728219,1837,440.662002,1793,430.5206151,44,57.94825278,2593,324.9738451,2258,280.0232133,1910,261.3178142,348,138.2244551,335,113.6353818
California-Kirkbride,15,786,206,305,120,223,118,9,14,9,14,0,10,214,117,0,10,0,10,0,10,214,117,205,114,9,13,82,36,64,32,53,27,11,14,18,14,481,198,394,201,104,78,104,78,0,10,290,189,0,10,0,10,0,10,290,189,262,189,28,35,87,45,62,26,48,22,14,18,25,26
Carrick,16,10045,789.5669699,1993,499.746936,1475,483.2597645,361,226.4530856,323,221.7476043,38,58.38664231,1114,441.7363467,92,82.88546314,33,60.8276253,59,66.8580586,1022,437.6059872,954,429.2202232,68,57.54128952,518,146.7242311,377,119.2937551,256,103.1067408,121,65.74191966,141,71.10555534,8052,674.7881149,6304,646.2422147,4307,568.5710158,4307,568.5710158,0,36.05551275,1997,424.8423237,471,217.4534433,471,217.4534433,0,36.05551275,1526,383.403182,1436,359.5372025,90,63.96874237,1748,292.1455117,1432,217.7406714,1161,188.7193684,271,121.9221063,316,131.0152663
Central Business District,17,2655,344.1511296,533,186.0860016,59,66.12866247,29,47.58150901,29,47.58150901,0,24.49489743,30,52.04805472,0,24.49489743,0,24.49489743,0,24.49489743,30,52.04805472,30,52.04805472,0,24.49489743,474,184.4207147,261,85.6095789,205,68.90573271,56,53.96295025,213,128.066389,2122,316.581743,726,216.4832557,705,213.9462549,705,213.9462549,0,24.49489743,21,39.03844259,21,39.03844259,21,39.03844259,0,24.49489743,0,24.49489743,0,24.49489743,0,24.49489743,1396,262.0095418,1196,213.3986879,1040,206.4340088,156,85.93602271,200,113.0221217
Central Lawrenceville,18,4356,362.1339531,664,195.4175018,306,159.3674998,134,112.8760382,134,112.8760382,0,24.49489743,172,123.4220402,59,78.54298186,51,78.26237921,8,25.37715508,113,94.39279634,93,77.28518616,20,39.86226286,358,112.3832728,259,101.0445446,246,99.74968672,13,26.38181192,99,58,3692,337.0815925,2171,296.5518504,1616,287.4717377,1616,287.4717377,0,24.49489743,555,171.0409308,92,61.08191222,69,56.66568627,23,40.6939799,463,161.728167,432,157.130519,31,36.20773398,1521,254.841127,1063,151.5552704,650,120.1207726,413,108.8714839,458,136.1800279
Central Northside,19,2891,335.8064919,908,291.1116624,626,285.987762,111,99.01515036,79,87.15503428,32,51,515,274.774453,21,33.1662479,21,33.1662479,0,17.32050808,494,273.8430207,476,267.9888057,18,30.47950131,282,85.4341852,188,57.30619513,183,55.92852582,5,15.77973384,94,62.16108107,1983,266.5501829,953,237.1434165,632,191.0130886,632,191.0130886,0,17.32050808,321,173.3724315,109,152.0723512,109,152.0723512,0,17.32050808,212,96.52460826,199,92.97311439,13,17.91647287,1030,195.4302945,807,116.8032534,625,100.1698557,182,68.83313156,223,112.5699782
Central Oakland,20,5064,562.9831259,3505,518.9576091,187,134.3205122,32,51.96152423,20,34.07345007,12,23.68543856,155,125.4870511,48,79.27168473,48,79.27168473,0,17.32050808,107,76.72027112,88,59.54829972,19,32.26453161,3318,525.4892958,1056,148.3880049,302,94.84724561,754,135.1517665,2262,443.0056433,1559,261.9618293,495,179.6134739,271,92.83856957,257,88.07950954,14,26.15339366,224,152.6237203,152,137.7279928,152,137.7279928,0,17.32050808,72,68.00735254,62,59.16079783,10,20.61552813,1064,228.6482014,600,127.114122,306,98.52410872,294,94.17536833,464,150.8045092
Chartiers City,21,414,136,62,46,39,43,0,10,0,10,0,10,39,43,0,10,0,10,0,10,39,43,39,43,0,10,23,22,23,22,23,22,0,10,0,10,352,141,281,139,257,133,257,133,0,10,24,33,19,32,19,32,0,10,5,8,5,8,0,10,71,58,71,58,71,58,0,10,0,10
Chateau,22,0,10,0,10,0,10,0,10,0,10,0,10,0,10,0,10,0,10,0,10,0,10,0,10,0,10,0,10,0,10,0,10,0,10,0,10,0,10,0,10,0,10,0,10,0,10,0,10,0,10,0,10,0,10,0,10,0,10,0,10,0,10,0,10,0,10,0,10,0,10
Crafton Heights,23,3732,320.224921,804,229.0720411,556,226.8832299,23,30.41381265,23,30.41381265,0,20,533,225.166605,11,18.68154169,0,20,11,18.68154169,522,224.7976868,522,224.7976868,0,20,248,85.51023331,234,80.77747211,198,73.70888685,36,35.88871689,14,21.84032967,2928,299.4595131,2268,292.5491412,1467,250.0699902,1467,250.0699902,0,20,801,272.0477899,185,128.9883716,173,117.7667186,12,23.57965225,616,235.7010819,546,218.1857007,70,55.18151865,660,138.6145735,456,83.67197858,327,73.30075034,129,57.90509477,204,79.71198153
Crawford-Roberts,24,2146,349.0515721,930,279.5084972,531,251.5631134,91,149.3351934,91,149.3351934,0,14.14213562,440,202.0024752,0,14.14213562,0,14.14213562,0,14.14213562,440,202.0024752,440,202.0024752,0,14.14213562,399,122.0368797,269,93.23089617,250,89.62700486,19,21.26029163,130,67.9779376,1216,271.9503631,740,240.60133,256,197.2941966,256,197.2941966,0,14.14213562,484,201.5266732,62,73.8241153,62,73.8241153,0,14.14213562,422,189.7630101,422,189.7630101,0,14.14213562,476,135.532284,448,132.0037878,424,130.5986217,24,24.8394847,28,30.6757233
Duquesne Heights,25,2555,357.6171137,405,242.9238564,229,221.7949503,178,213.2439917,144,166.760307,34,49.03060269,51,63.3245608,13,25.07987241,13,25.07987241,0,14.14213562,38,59.8414572,38,59.8414572,0,14.14213562,176,105.3090689,126,68.62215386,93,53,33,43.01162634,50,50.53711507,2150,281.4693589,1597,305.6795708,1206,277.800288,1206,277.800288,0,14.14213562,391,194.9820505,113,103.8123307,104,98.79271228,9,18.02775638,278,175.316856,266,174.4276354,12,19.72308292,553,147.2752525,414,95,326,81.83520025,88,58.52349955,139,84.53401682
East Allegheny,26,2230,286.7350694,773,230.2216323,379,184.0543398,0,14.14213562,0,14.14213562,0,14.14213562,379,184.0543398,0,14.14213562,0,14.14213562,0,14.14213562,379,184.0543398,361,184.0543398,18,26.92582404,394,132.7742445,302,95.77055915,235,82.09750301,67,50.009999,92,60.03332408,1457,263.8275952,760,228.1775624,473,185.407659,473,185.407659,0,14.14213562,287,143.9618005,80,68.15423685,80,68.15423685,0,14.14213562,207,129.0774961,193,128.3160161,14,24.16609195,697,186.1961332,571,126.5069168,483,110,88,67.26812024,126,90.68627239
East Carnegie,27,525,119,59,59,40,51,0,10,0,10,0,10,40,51,0,10,0,10,0,10,40,51,37,50,3,5,19,37,5,8,5,8,0,10,14,35,466,113,317,119,150,104,150,104,0,10,167,97,19,21,19,21,0,10,148,94,142,95,6,8,149,51,109,35,83,40,26,19,40,39
East Hills,28,2942,415.4828516,1484,368.2458418,1092,360.3248534,11,22.89104628,0,17.32050808,11,22.89104628,1081,359.5399839,0,17.32050808,0,17.32050808,0,17.32050808,1081,359.5399839,1066,357.7932364,15,25.3968502,392,157.2704677,354,134.0522286,314,127.0314922,40,51.93264869,38,49.11211663,1458,352.732193,1204,353.5618758,533,207.9711518,533,207.9711518,0,17.32050808,671,296.4557303,114,95.04209594,96,80.83316151,18,24.49489743,557,274.7016563,490,243.8524144,67,59.09314681,254,90.90654542,234,83.47454702,217,80.45495634,17,20.97617696,20,24.18677324
East Liberty,29,5353,538.0566885,1368,358.5331226,625,278.1007012,132,131.9848476,132,131.9848476,0,28.28427125,493,254.3580154,150,176.9858751,150,176.9858751,0,28.28427125,343,181.7938393,343,181.7938393,0,28.28427125,743,212.8074247,523,137.6553668,396,107.3964618,127,88.08518604,220,123.2152588,3985,466.594042,2478,478.2771163,1228,372.5157715,1219,372.2915524,9,29.47880595,1250,335.8600899,189,126.5938387,159,114.4595999,30,42.26109322,1061,317.0110408,1045,309.3089071,16,37.80211634,1507,227.1541327,1281,188.56829,1099,179.1507745,182,77.0584194,226,93.37558567
Elliott,30,2452,358.6990382,668,222.4994382,509,216.1573501,74,80.25584091,74,80.25584091,0,17.32050808,435,223.1501737,34,41.48493703,34,41.48493703,0,17.32050808,401,217.8990592,379,217.818732,22,25.3968502,159,80.118662,140,74.73285757,131,73.08214556,9,19.89974874,19,23.49468025,1784,363.7375427,1494,368.2621349,1054,331.9427662,1042,328.8434278,12,23.68543856,440,211.1445003,80,59.49789912,74,52.84884105,6,17.91647287,360,206.4097866,332,201.4025819,28,41.82104733,290,94.83142939,264,88.46468222,230,91.22499657,34,27.09243437,26,22.91287847
Esplen,31,273,110,62,45,10,18,0,10,0,10,0,10,10,18,0,10,0,10,0,10,10,18,0,10,10,18,52,40,21,17,14,13,7,11,31,36,211,88,132,80,101,63,101,63,0,10,31,53,0,10,0,10,0,10,31,53,31,53,0,10,79,44,74,46,55,44,19,21,5,8
Fairywood,32,1208,261,285,155,139,127,76,92,76,92,0,10,63,96,0,10,0,10,0,10,63,96,42,64,21,32,146,74,17,21,3,7,14,21,129,73,923,216,457,199,279,167,279,167,0,10,178,115,91,84,91,84,0,10,87,79,84,79,3,5,466,160,246,73,70,42,176,70,220,98
Fineview,33,1313,271.3116289,381,143.0559331,264,139.0539464,60,90.55385138,60,90.55385138,0,14.14213562,204,106.4706532,0,14.14213562,0,14.14213562,0,14.14213562,204,106.4706532,204,106.4706532,0,14.14213562,117,59.53990259,114,59.53990259,109,58.66856058,5,12.80624847,3,11.66190379,932,270.174018,758,275.1381471,516,260.6856344,516,260.6856344,0,14.14213562,242,113.6001761,59,69.72087205,59,69.72087205,0,14.14213562,183,89.62700486,183,89.62700486,0,14.14213562,174,82.29216245,140,56.40035461,115,48.10405388,25,30.59411708,34,38.07886553
Friendship,34,1751,260.4150533,339,142.8985654,128,101.0198,89,84.52810184,89,84.52810184,0,14.14213562,39,57.87054518,0,14.14213562,0,14.14213562,0,14.14213562,39,57.87054518,39,57.87054518,0,14.14213562,211,102.7861858,159,93.68030743,138,89.26925563,21,23.34523506,52,38.60051813,1412,260.3171143,724,267.0299609,518,251.0796686,518,251.0796686,0,14.14213562,206,150.0833102,0,14.14213562,0,14.14213562,0,14.14213562,206,150.0833102,158,137.9057649,48,72.69112738,688,158.113883,586,135.5064574,533,131.0457935,53,35.51056181,102,62.76941931
Garfield,35,3715,449.8777612,1417,304.7851702,1169,286.5187603,222,172.6035921,222,172.6035921,0,22.36067978,947,228.9191997,62,64.73020933,62,64.73020933,0,22.36067978,885,233.2445069,885,233.2445069,0,22.36067978,248,90.48204242,177,57.78408085,152,53.37602458,25,25.03996805,71,60.44832504,2298,414.6154845,1825,417.2553175,832,309.4495112,832,309.4495112,0,22.36067978,993,309.8144606,352,262.5890325,295,214.7300631,57,56.82429058,641,183.9021479,616,181.6177304,25,29.12043956,473,107.1914176,403,85.76712657,338,78.42831121,65,45.14421336,70,52.0096145
Glen Hazel,36,487,200,213,130,157,126,32,49,32,49,0,10,125,115,0,10,0,10,0,10,125,115,125,115,0,10,56,34,37,27,37,27,0,10,19,20,274,163,161,148,0,10,0,10,0,10,161,148,0,10,0,10,0,10,161,148,161,148,0,10,113,67,95,55,81,51,14,21,18,24
Greenfield,37,7465,697.6489088,682,296.7035558,432,279.1128804,119,107.3312629,119,107.3312629,0,30,313,256.9065978,119,167.4066904,119,167.4066904,0,30,194,197.1699774,183,196.0331605,11,33,250,103.8075142,163,84.69946871,119,68.51277253,44,57.48912941,87,60.32412453,6783,660.8706379,5202,679.9205836,4278,636.9379876,4250,633.090041,28,50.6359556,924,339.0383459,302,241.9276751,239,190.9816745,63,74.57211275,622,240.2144875,593,228.8099648,29,40.31128874,1581,298.4610527,1245,211.8041548,968,196.5375282,277,114.4639681,336,163.6826197
Hays,38,360,97,106,72,95,71,43,36,43,36,0,10,52,63,0,10,0,10,0,10,52,63,42,48,10,16,11,10,11,10,11,10,0,10,0,10,254,85,197,88,50,54,50,54,0,10,147,81,37,31,35,30,2,5,110,74,89,57,21,28,57,33,57,33,57,33,0,10,0,10
Hazelwood,39,4300,651.7085238,1303,385.7045501,884,356.6931454,120,111.4854251,105,110.571244,15,34.2928564,764,338.431677,143,127.5970219,143,127.5970219,0,26.45751311,621,312.0384592,588,287.9374932,33,44.37341546,419,161.0093165,360,128.9651116,287,114.7214017,73,67.84541252,59,60.38211656,2997,564.5219216,2395,554.426731,1678,508.3374863,1678,508.3374863,0,26.45751311,717,271.3632252,198,125.7855318,198,125.7855318,0,26.45751311,519,257.206143,513,255.4505823,6,26.85144316,602,150.5224236,503,114.3415935,428,99.74467404,75,60.20797289,99,64.71475875
Highland Park,40,6900,892.6936765,889,338.2366036,557,322.82503,240,177.4429486,233,176.9773997,7,29.93325909,317,268.7898808,13,32,13,32,0,28.28427125,304,268.3728749,304,268.3728749,0,28.28427125,332,120.8428732,252,104.0720904,203,97.06698718,49,48.13522619,80,61.42475071,6011,941.2890098,4526,980.2846525,3156,726,3156,726,0,28.28427125,1370,711.2432776,513,495.1615898,491,491.0865504,22,36.01388621,857,505.3127744,808,489.3975889,49,63.76519427,1485,256.8384706,1222,212.3652514,989,200.3896205,233,94.69424481,263,107.9722186
Homewood North,41,3221,430.3637996,1266,344.4894773,1107,345.4374039,77,81.17881497,72,76.24303247,5,21.54065923,1030,335.6530947,130,151.9341963,130,151.9341963,0,22.36067978,900,321.793412,895,321.5027216,5,21.54065923,159,74.89993324,152,73.43704787,147,73.13685801,5,21.54065923,7,22.36067978,1955,339.0471944,1651,339.0545679,871,298.3923592,871,298.3923592,0,22.36067978,780,240.8588798,62,56.92978131,54,51.73973328,8,23.32380758,718,237.3436327,697,235.654408,21,30.16620626,304,89.92218859,279,76.45259969,257,74.44461028,22,35.22782991,25,36.60601044
Homewood South,42,2354,324.2313989,956,235.5737676,580,218.4330561,37,43.68065934,21,39.03844259,16,31.36877428,543,217.7682254,0,24.49489743,0,24.49489743,0,24.49489743,543,217.7682254,512,215.9536987,31,39.79949748,376,89.6548939,330,84.91171886,311,84.32081594,19,26.38181192,46,38.79432948,1398,260.6702898,1092,253.9566892,398,145.9554727,391,145.5060136,7,24.49489743,694,238.951878,76,60.39039659,71,57.3585216,5,23.43074903,618,234.5399753,618,234.5399753,0,24.49489743,306,81.74350127,293,81.37567204,268,74.92663078,25,39.86226286,13,23.93741841
Homewood West,43,812,187.1069213,164,81.60882305,78,73.00684899,0,14.14213562,0,14.14213562,0,14.14213562,78,73.00684899,0,14.14213562,0,14.14213562,0,14.14213562,78,73.00684899,78,73.00684899,0,14.14213562,86,42.04759208,74,40.2492236,74,40.2492236,0,14.14213562,12,14.86606875,648,191.0628169,453,192.7822606,179,102.4890238,179,102.4890238,0,14.14213562,274,162.7544162,11,19.72308292,11,19.72308292,0,14.14213562,263,161.7436243,263,161.7436243,0,14.14213562,195,72.42237223,185,69.89277502,177,69.33974329,8,14.86606875,10,10.81665383
Knoxville,44,4162,739.1860388,1526,516.5801003,1368,520.2124566,169,163.2789025,169,163.2789025,0,24.49489743,1199,503.2881878,0,24.49489743,0,24.49489743,0,24.49489743,1199,503.2881878,1141,492.0691008,58,59.79130372,158,101.4987685,141,102.4841451,141,102.4841451,0,24.49489743,17,30.78960864,2636,635.0503917,2258,625.3111226,1362,511.0195691,1362,511.0195691,0,24.49489743,896,397.8190543,81,77.29165544,81,77.29165544,0,24.49489743,815,391.8622207,642,330.5253394,173,115.1520734,378,125.6582667,356,116.3185282,321,112.0669443,35,38.98717738,22,36.78314832
Larimer,45,1504,299.7148645,595,156.7450159,441,144.6720429,25,39.94996871,25,39.94996871,0,20,416,140.4777562,0,20,0,20,0,20,416,140.4777562,414,140.4777562,2,17.57839583,154,65.31462317,122,52.51666402,122,52.51666402,0,20,32,39.94996871,909,289.5012953,677,289.1141643,151,81.28345465,151,81.28345465,0,20,526,279.1522882,10,22.27105745,10,22.27105745,0,20,516,278.9462314,506,276.4706133,10,23.57965225,232,78.51114571,212,72.24956747,202,71.30217388,10,18.68154169,20,33.01514804
Lincoln Place,46,3465,504.1953986,293,183.1556715,239,180.3967849,89,85.74380444,77,84.42748368,12,26.90724809,150,157.1814238,46,55.14526272,46,55.14526272,0,22.36067978,104,148.8791456,94,148.3543056,10,25.61249695,54,37.58989226,32,32.01562119,26,31.2409987,6,22.36067978,22,24.75883681,3172,487.9282734,2702,494.0465565,2165,429.0454521,2143,426.0281681,22,31.2409987,537,280.2231254,206,213.553272,206,213.553272,0,22.36067978,331,196.035711,311,175,20,40.31128874,470,102.9708697,440,90.03888049,394,83.01204732,46,36.44173432,30,33.46640106
Lincoln-Lemington-Belmar,47,4236,532.8414398,1127,336.2008328,708,278.3576836,67,74.09453421,67,74.09453421,0,24.49489743,641,270.2813349,53,71.53320907,53,71.53320907,0,24.49489743,588,265.4938794,579,264.3671689,9,27.49545417,419,195.3816777,291,93.8562731,276,89.40357935,15,39.03844259,128,167.002994,3109,519.0992198,2419,513.1091502,855,255.7713823,855,255.7713823,0,24.49489743,1564,466.77832,398,196.9035297,378,194.7049049,20,39.86226286,1166,433.1962604,1141,429.8627688,25,35.28455753,690,129.2013932,582,98.12746812,515,88.13625815,67,46.15192304,108,56.02677931
Lower Lawrenceville,48,2490,374.5557368,693,306.7523431,360,277.7138815,0,14.14213562,0,14.14213562,0,14.14213562,360,277.7138815,0,14.14213562,0,14.14213562,0,14.14213562,360,277.7138815,353,277.7138815,7,14.86606875,333,142.1724305,211,77.1038261,169,69.02897942,42,35.34119409,122,92.65527508,1797,279.2579453,1025,263.2052431,594,220.1181501,594,220.1181501,0,14.14213562,431,177.2286659,111,106.4706532,111,106.4706532,0,14.14213562,320,138.6001443,268,126.0357092,52,51.97114584,772,176.963273,546,119.6035117,355,99.24716621,191,72.00694411,226,84.59905437
Manchester,49,1838,265.096209,399,131.5902732,208,119.9708298,0,14.14213562,0,14.14213562,0,14.14213562,208,119.9708298,0,14.14213562,0,14.14213562,0,14.14213562,208,119.9708298,208,119.9708298,0,14.14213562,191,69.77105417,169,66.12866247,156,64.56004957,13,17.20465053,22,21.47091055,1439,270.8154353,948,257.4975728,663,236.9155968,663,236.9155968,0,14.14213562,285,142.7795504,31,33.83784863,31,33.83784863,0,14.14213562,254,140.8722826,254,140.8722826,0,14.14213562,491,133.6001497,378,93.23089617,290,80.15609771,88,49.39635614,113,60.90155991
Marshall-Shadeland,50,4130,544.2352433,914,268.2256513,690,262.3451924,33,41.34005322,33,41.34005322,0,22.36067978,657,261.1015128,66,63.16644679,47,52.92447449,19,29.35983651,591,254.9019419,579,254.3127995,12,28.28427125,224,110.1135777,124,59.9666574,99,55.36244214,25,27.94637723,100,102.5914226,3216,564.2242462,2476,571.2915193,1426,467.1595017,1426,467.1595017,0,22.36067978,1050,381.7774221,158,114.8216008,124,87.88060082,34,35.7211422,892,367.628889,848,354.4291184,44,41.83300133,740,175.0314258,603,141.4814475,455,119.6035117,148,91.84225607,137,70.81666471
Middle Hill,51,1675,282.2250875,545,161.3381542,287,144.1110683,0,17.32050808,0,17.32050808,0,17.32050808,287,144.1110683,35,55.82114295,22,36.82390528,13,24.49489743,252,131.1525829,252,131.1525829,0,17.32050808,258,80.47981113,231,73.74279626,216,73.10950691,15,17.54992877,27,26.32489316,1130,254.5623696,751,237.9285607,141,100.309521,141,100.309521,0,17.32050808,610,225.2043516,83,68.62943975,82,65.95452979,1,15.3622915,527,231.5534496,504,216.981566,23,29.27456234,379,125.1279345,312,87.30406634,279,83.55237878,33,30.33150178,67,81.14801291
Morningside,52,3326,438.0479426,349,153.4242484,227,145.9965753,92,92.66067127,92,92.66067127,0,20,135,112.7164584,0,20,0,20,0,20,135,112.7164584,135,112.7164584,0,20,122,61.62791575,93,56.80668975,79,52.1823725,14,28,29,27.23967694,2977,440.5746248,2107,432.2614949,1528,365.4873459,1528,365.4873459,0,20,579,249.5315611,262,211.7592973,241,196.4331948,21,38.15756806,317,155.6245482,311,152.7448853,6,20,870,192.8367185,708,134.5734,583,124.6314567,125,55.6057551,162,103.2763284
Mount Oliver Borough,53,3397,589.6566798,1186,424.1591682,887,419.7558814,355,314.6601341,355,314.6601341,0,20,532,296.0945795,35,44.50842617,12,27.22131518,23,39.94996871,497,294.855897,476,292.0907393,21,24.33105012,299,119.2769886,245,100.448992,211,94.40868604,34,40.4103947,54,48.34252786,2211,459.0098038,1804,459.184059,851,351.101125,843,349.5482799,8,21.07130751,953,326.1931943,349,239.555839,326,220.2997957,23,39.05124838,604,228.4184756,586,225.015555,18,20.71231518,407,136.3451503,353,113.039816,321,108.1203034,32,31.06444913,54,52.92447449
Mount Washington,54,8736,630.4775967,1537,340.6728636,717,283.3107834,133,103.8171469,123,103.2133712,10,32.01562119,584,271.4590208,244,209.121974,174,153.1633115,70,66.9925369,340,218.8035649,340,218.8035649,0,30,820,200.5292996,569,146.7514906,443,134.5956909,126,68.46166811,251,111.467484,7199,565.7358041,4054,538.8237189,2828,469.0170573,2828,469.0170573,0,30,1226,338.6561678,302,165.5234122,286,156.7577749,16,37.09447398,924,294.3144577,861,277.0342939,63,47.68647607,3145,391.1981595,2221,245.185644,1557,217.6442051,664,151.5552704,924,246.018292
Mt. Oliver,55,528,110,123,75,99,72,38,59,38,59,0,10,61,47,0,10,0,10,0,10,61,47,54,48,7,14,24,25,24,25,24,25,0,10,0,10,405,105,321,103,202,56,202,56,0,10,119,86,0,10,0,10,0,10,119,86,119,86,0,10,84,59,64,37,44,27,20,27,20,27
New Homestead,56,933,81,42,43,21,33,0,10,0,10,0,10,21,33,0,10,0,10,0,10,21,33,21,33,0,10,21,21,7,11,7,11,0,10,14,18,891,78,783,95,660,111,660,111,0,10,123,67,29,25,29,25,0,10,94,58,94,58,0,10,108,43,98,40,77,38,21,19,10,11
North Oakland,57,5326,513.932875,2391,426.704816,265,228.6088362,16,35.83294573,16,35.83294573,0,24.49489743,249,227.1079039,20,39.86226286,20,39.86226286,0,24.49489743,229,224.9199858,229,224.9199858,0,24.49489743,2126,384.8415258,1121,172.3716914,545,131.7990895,576,145.9588983,1005,279.4709287,2935,376.514276,1491,309.1067777,1190,264.4711705,1190,264.4711705,0,24.49489743,301,187.7551597,196,176.6238942,196,176.6238942,0,24.49489743,105,76.64202503,105,76.64202503,0,24.49489743,1444,271.1899703,1204,211.2202642,1039,186.5663421,165,91.26335519,240,114.2365966
North Shore,58,187,52.95280918,8,16.40121947,8,16.40121947,8,16.40121947,0,14.14213562,8,16.40121947,0,14.14213562,0,14.14213562,0,14.14213562,0,14.14213562,0,14.14213562,0,14.14213562,0,14.14213562,0,14.14213562,0,14.14213562,0,14.14213562,0,14.14213562,0,14.14213562,179,49.03060269,45,43.17406629,29,34.4818793,29,34.4818793,0,14.14213562,16,25.07987241,0,14.14213562,0,14.14213562,0,14.14213562,16,25.07987241,16,25.07987241,0,14.14213562,134,47.07440918,119,39.29376541,108,36.40054945,11,16.40121947,15,19.72308292
Northview Heights,59,1380,329,1116,327,1018,334,9,29,9,29,0,10,1009,336,58,68,58,68,0,10,951,330,892,319,59,36,98,55,71,40,48,35,23,22,27,23,264,74,220,76,66,58,66,58,0,10,154,89,15,23,15,23,0,10,139,86,122,83,17,28,44,24,29,20,29,20,0,10,15,15
Oakwood,60,1087,150,218,101,127,93,98,92,98,92,0,10,29,30,0,10,0,10,0,10,29,30,29,30,0,10,91,37,91,37,91,37,0,10,0,10,869,151,655,160,424,121,424,121,0,10,231,143,22,28,22,28,0,10,209,143,199,141,10,14,214,60,205,56,195,53,10,11,9,11
Overbrook,61,3659,366.8978059,458,152.1972404,296,137.0328428,51,59.8414572,51,59.8414572,0,22.36067978,245,126.5819892,122,82.55906976,76,72.97944916,46,44.60941605,123,97.41663102,116,97.07213812,7,19.33907961,162,75.68355171,115,58.66856058,73,44.30575583,42,42.72001873,47,50.75431016,3201,359.5219048,2628,373.8275003,1945,318.541991,1945,318.541991,0,22.36067978,683,265.0113205,339,247.5439355,309,209.845181,30,50.15974482,344,124.2980289,344,124.2980289,0,22.36067978,573,104.8665819,483,89.15155635,400,78.91134266,83,47.80167361,90,46.4865572
Perry North,62,4062,501.9133391,645,367.4425125,491,363.0495834,27,45.82575695,27,45.82575695,0,24.49489743,464,361.261678,251,327.1085447,189,238.0693176,62,92.73618495,213,162.2282343,207,162.2282343,6,24.49489743,154,61.3514466,106,47.78074926,89,43.8178046,17,27.5680975,48,29.30870178,3417,413.7704678,2739,429.0396252,1859,377.5380776,1845,374.9239923,14,24.91987159,880,302.2747095,322,165.4508991,275,143,47,41.85689907,558,252.3549088,549,251.0438209,9,22.91287847,678,121.445461,564,98.86859967,476,93.32738076,88,38.8458492,114,51.68171824
Perry South,63,3295,450.9733917,1195,368.7465254,755,363.1859028,60,68.18357574,51,67.0298441,9,27.49545417,695,357,56,71.11258679,56,71.11258679,0,24.49489743,639,354.9478835,614,351.8053439,25,34.07345007,440,113.6837719,394,106.3014581,359,104.4126429,35,33.92639091,46,36.95943723,2100,347.9137824,1434,318.6455711,622,189.8104317,622,189.8104317,0,24.49489743,812,269.8851608,61,52.07686627,50,51.26402247,11,30,751,263.4805496,740,261.1934149,11,27.49545417,666,171.189953,546,120.6109448,468,107.0467188,78,60.44832504,120,81.55979402
Point Breeze,64,5333,361.3336408,442,145.9691748,164,95.69743988,47,56.29387178,40,56.29387178,7,26.45751311,117,80.58535847,14,34.2928564,14,34.2928564,0,26.45751311,103,77.57576941,98,77.1621669,5,25.76819745,278,110.1317393,193,79.27168473,152,73.29392881,41,32.48076354,85,68.77499546,4891,357.6520656,3885,374.62915,3363,346.3394289,3357,347.1815087,6,26.0959767,522,181.2705161,163,93.96275858,152,87.8749111,11,26.17250466,359,155.9166444,330,145.389133,29,33.77869151,1006,179.0083797,754,128.3705574,552,119.2057046,202,65.87108622,252,88.98314447
Point Breeze North,65,1763,280.4674669,254,142.4745591,66,78.67019766,0,17.32050808,0,17.32050808,0,17.32050808,66,78.67019766,0,17.32050808,0,17.32050808,0,17.32050808,66,78.67019766,66,78.67019766,0,17.32050808,188,119.7914855,137,111.2744355,126,110.6571281,11,22.89104628,51,43.87482194,1509,278.9928314,878,271.0166047,648,215.8402187,648,215.8402187,0,17.32050808,230,177.6823008,94,91.46584062,87,88.03408431,7,17.32050808,136,152.4139101,124,145.6742942,12,22.89104628,631,189.0026455,533,153.5350123,413,140.8332347,120,71.40728254,98,72.6636085
Polish Hill,66,1453,219.8590458,161,69.3108938,33,35.44009029,0,14.14213562,0,14.14213562,0,14.14213562,33,35.44009029,23,32.57299495,23,32.57299495,0,14.14213562,10,18.86796226,10,18.86796226,0,14.14213562,128,61.22091146,49,34.98571137,30,29.73213749,19,20.59126028,79,50.91168825,1292,210.2379604,685,184.133104,346,120.3702621,346,120.3702621,0,14.14213562,339,136.5173982,158,99.02019996,158,99.02019996,0,14.14213562,181,116.46888,168,113.8771268,13,15.62049935,607,149.3050568,467,89.80534505,313,70.83784299,154,77.17512553,140,82.32860985
Regent Square,67,1009,81,67,52,41,47,18,25,18,25,0,10,23,36,23,36,18,28,5,8,0,10,0,10,0,10,26,20,26,20,20,16,6,9,0,10,942,89,784,112,667,111,667,111,0,10,117,68,30,27,30,27,0,10,87,60,78,56,9,13,158,43,140,37,127,37,13,11,18,15
Ridgemont,68,277,98,47,59,37,57,0,10,0,10,0,10,37,57,0,10,0,10,0,10,37,57,37,57,0,10,10,16,10,16,0,10,10,16,0,10,230,81,107,70,107,70,94,59,13,21,0,10,0,10,0,10,0,10,0,10,0,10,0,10,123,63,100,55,87,49,13,19,23,20
Shadyside,69,12778,852.4189111,2579,403.8923124,288,204.3991194,239,199.1808224,239,199.1808224,0,37.41657387,49,55.54277631,0,37.41657387,0,37.41657387,0,37.41657387,49,55.54277631,49,55.54277631,0,37.41657387,2291,362.598952,1410,241.7891644,975,210.5825254,435,141.5521105,881,218.9771678,10199,775.738358,4591,630.3824236,4193,605.155352,4193,605.155352,0,37.41657387,398,228.4162866,26,54.59853478,26,54.59853478,0,37.41657387,372,224.9288776,319,194.2318203,53,63.182276,5608,606.415699,4183,345.8959381,3195,315.9161281,988,202.9334866,1425,403.9084055
Sheraden,70,4984,557.7947651,1128,352.1917092,868,339.0634159,58,68.73863542,41,65.90902821,17,32.07802986,810,334.2379392,6,24.91987159,0,24.49489743,6,24.91987159,804,334.0523911,735,305.5765043,69,61.18006211,260,115.6676273,197,97.80593029,188,96.55568342,9,26.38181192,63,61.87891402,3856,525.9306038,3227,554.3527758,1858,475.8466139,1858,475.8466139,0,24.49489743,1369,424.0424507,158,116.7261753,148,108.2635673,10,28.08914381,1211,408.5890356,1151,393.5466935,60,55.03635162,629,146.860478,602,140.0856881,536,126.3487238,66,61.20457499,27,35.35533906
South Oakland,71,2991,498.7825177,1397,377.9404715,96,64.24173099,14,29.59729717,14,29.59729717,0,20,82,58.64298765,29,36.83748091,21,35.51056181,8,22.27105745,53,47.51841748,32,42.76680956,21,28.7923601,1301,374.3874998,420,109.2794583,176,75.42545989,244,89.14033879,881,304.5898882,1594,351.4512769,884,298.6201601,519,281.9946808,508,278.3684609,11,22.27105745,365,167.9910712,110,83.96427812,110,83.96427812,0,20,255,145.7292009,255,145.7292009,0,20,710,238.3065253,452,111.1980216,345,98.0663041,107,62.20128616,258,176.2015891
South Shore,72,12,14,0,10,0,10,0,10,0,10,0,10,0,10,0,10,0,10,0,10,0,10,0,10,0,10,0,10,0,10,0,10,0,10,0,10,12,14,0,10,0,10,0,10,0,10,0,10,0,10,0,10,0,10,0,10,0,10,0,10,12,14,8,9,4,6,4,6,4,6
South Side Flats,73,6726,875.0108571,1732,648.0563247,135,145.223965,0,24.49489743,0,24.49489743,0,24.49489743,135,145.223965,81,129.938447,81,129.938447,0,24.49489743,54,65.3375849,22,43.23193264,32,54.77225575,1597,637.018838,614,175.1884699,305,123.1300126,309,129.7805841,983,549.5516354,4994,591.109127,2262,542.2969666,1631,428.9393897,1631,428.9393897,0,24.49489743,631,354.5842636,304,285.4908055,265,278.856594,39,65.90902821,327,188.6822726,327,188.6822726,0,24.49489743,2732,379.9592083,1938,245.1795261,1361,205.0390207,577,158.9559687,794,233.8225823
South Side Slopes,74,4664,602.5703278,1264,418.3718442,548,288.3643529,98,149.0972837,98,149.0972837,0,26.45751311,450,247.8668998,20,40.29888336,0,26.45751311,20,40.29888336,430,245.4343089,425,244.7488509,5,25.76819745,716,289.0311402,302,102.8445429,136,63.48228099,166,80.53570637,414,219.6132965,3400,469.8254995,2161,450.0066666,1065,316.783838,1065,316.783838,0,26.45751311,1096,357.9008243,534,292.8327168,482,275.9402109,52,43.78355856,562,216.9746529,549,214.8255106,13,32.92415527,1239,216.5686958,835,143.1607488,602,130.9961832,233,75.33923281,404,134.205067
Spring Garden,75,777,135.0740538,108,59.20304046,45,49.2036584,0,14.14213562,0,14.14213562,0,14.14213562,45,49.2036584,0,14.14213562,0,14.14213562,0,14.14213562,45,49.2036584,40,50,5,14.14213562,63,37.53664876,63,37.53664876,45,26.92582404,18,27.85677655,0,14.14213562,669,123.9879026,490,111.9464158,321,114.621115,321,114.621115,0,14.14213562,169,119.0798052,43,52.83937925,38,49.04079934,5,13.45362405,126,109.5901455,126,109.5901455,0,14.14213562,179,61.52235366,138,49.04079934,121,49.04079934,17,18.86796226,41,36.67424164
Spring Hill-City View,76,2381,472.69652,786,425.5232074,749,424.1355915,33,39.30648801,33,39.30648801,0,17.32050808,716,422.4997041,29,48.12483766,29,48.12483766,0,17.32050808,687,421.4569966,682,420.5448846,5,16.76305461,37,34.49637662,36,34.49637662,36,34.49637662,0,17.32050808,1,14.45683229,1595,292.7814885,1074,264.6299303,695,205.8664616,695,205.8664616,0,17.32050808,379,224.2989077,34,56.78908346,34,56.78908346,0,17.32050808,345,217.6809592,345,217.6809592,0,17.32050808,521,171,431,139.6603022,352,129.4140642,79,52.23983155,90,58.48931526
Squirrel Hill North,77,8281,678.8195637,1138,288.2238713,354,190.7301759,160,130.0692123,144,128.0351514,16,39.05124838,194,141.8943269,0,31.6227766,0,31.6227766,0,31.6227766,194,141.8943269,194,141.8943269,0,31.6227766,784,227.2047535,380,94.91575212,137,56.36488268,243,79.10752177,404,156.2945936,7143,661.8753659,5653,662.1329172,5355,672.4968401,5355,672.4968401,0,31.6227766,298,131.415372,55,67.88961629,55,67.88961629,0,31.6227766,243,116.1679818,235,112.8848971,8,32.69556545,1490,302.5822202,1023,157.6197957,785,137.0985047,238,89.53211714,467,207.2438178
Squirrel Hill South,78,14915,870.1971041,2242,500.5616845,649,342.3244075,478,285.4295009,453,283.1907484,25,48.87739764,171,184.0489065,58,78.00640999,30,56,28,45.67274899,113,170.5549765,113,170.5549765,0,36.05551275,1593,383.6352434,882,201.7399316,555,167.3439572,327,121.2806662,711,253.4856998,12673,796.1695799,9409,808.8807081,8506,802.9869239,8461,798.6206859,45,58.65151319,903,320.460606,239,162.0339471,223,160.5552864,16,42.14261501,664,282.2233158,651,278.8225242,13,40,3264,377.551321,2582,293.1074888,2126,269.4605723,456,124.1128519,682,182.4609547
St. Clair,79,301,92,74,76,68,76,0,10,0,10,0,10,68,76,0,10,0,10,0,10,68,76,68,76,0,10,6,8,2,6,0,10,2,6,4,6,227,80,167,78,88,63,88,63,0,10,79,74,0,10,0,10,0,10,79,74,79,74,0,10,60,40,43,30,28,24,15,18,17,18
Stanton Heights,80,5010,495.3342306,835,289.0899514,733,283.2154657,300,146.420627,265,143.586211,35,34.6554469,433,237.8003364,70,65.3375849,70,65.3375849,0,20,363,231.062762,363,231.062762,0,20,102,45.54119015,88,42.29657197,88,42.29657197,0,20,14,20.71231518,4175,486.1625243,3435,512.0673784,2551,452.3516331,2551,452.3516331,0,20,884,279.2292965,177,187.4699976,149,152.0920774,28,44.50842617,707,235.061694,652,202.9901475,55,52.30678732,740,134.2683879,676,118.7307879,606,114.5120081,70,41.09744518,64,39.96248241
Strip District,81,689,109,33,28,0,10,0,10,0,10,0,10,0,10,0,10,0,10,0,10,0,10,0,10,0,10,33,28,20,19,20,19,0,10,13,20,656,109,299,106,267,94,267,94,0,10,32,48,0,10,0,10,0,10,32,48,32,48,0,10,357,76,322,69,275,71,47,32,35,24
Summer Hill,82,1168,88,81,52,35,45,29,44,29,44,0,10,6,11,6,11,0,10,6,11,0,10,0,10,0,10,46,30,21,23,21,23,0,10,25,21,1087,83,832,107,555,125,549,122,6,11,277,116,57,48,57,48,0,10,220,112,220,112,0,10,255,56,222,43,166,43,56,30,33,25
Swisshelm Park,83,1286,99,51,28,27,24,0,10,0,10,0,10,27,24,0,10,0,10,0,10,27,24,21,23,6,9,24,14,20,15,20,15,0,10,4,6,1235,98,985,90,870,95,870,95,0,10,115,93,0,10,0,10,0,10,115,93,110,91,5,8,250,84,218,58,190,54,28,36,32,40
Terrace Village,84,1632,218.8835307,948,210.2236904,538,187.9414803,29,43.37049688,29,43.37049688,0,17.32050808,509,183.5483588,35,30.33150178,35,30.33150178,0,17.32050808,474,184.9486415,460,180.6377591,14,20.49390153,410,104.8141212,368,93.22553298,335,93.22553298,33,26.03843313,42,41.48493703,684,174.2756437,415,151.9638115,33,53.88877434,33,53.88877434,0,17.32050808,382,142.7094951,29,50.03998401,20,35.90264614,9,20.61552813,353,132.687603,348,131.8673576,5,16.76305461,269,77.18808198,231,68.8839604,207,68.33739825,24,25.3179778,38,29.22327839
Troy Hill,85,2401,349.1618536,332,145.0965196,146,105.5509356,36,55.90169944,36,55.90169944,0,14.14213562,110,90.90654542,25,27.78488798,16,26,9,17.20465053,85,86.05230967,85,86.05230967,0,14.14213562,186,88.81441324,136,80.26207074,136,80.26207074,0,14.14213562,50,36.23534186,2069,322.684056,1577,311.7707491,1061,284.7630594,1061,284.7630594,0,14.14213562,516,295.7363691,239,195.8698548,233,194.8794499,6,14.14213562,277,227.6949714,271,226.715681,6,14.86606875,492,123.4058345,444,114.0394669,367,112.0714058,77,38.20994635,48,31.144823
Upper Hill,86,1929,303.4567514,528,223.5933809,378,197.6689151,23,41.48493703,0,17.32050808,23,41.48493703,355,193.7162874,36,56.78908346,36,56.78908346,0,17.32050808,319,186.1343601,304,172.5050724,15,30.47950131,150,109.5536398,80,42.53234064,73,44.15880433,7,17.32050808,70,101.2126474,1401,247.5661528,1037,256.4546744,416,165.1090549,396,151.4628667,20,36.82390528,621,235.8558882,38,61.64414003,38,61.64414003,0,17.32050808,583,229.8782286,583,229.8782286,0,17.32050808,364,108.8944443,354,104.9666614,329,98.0663041,25,32.01562119,10,20.61552813
Upper Lawrenceville,87,2813,426.9590144,687,302.8811648,464,294.1071233,65,79.08223568,65,79.08223568,0,17.32050808,399,279.8463864,170,161.8579624,148,160.3901493,22,27.44084547,229,226.1083811,229,226.1083811,0,17.32050808,223,137.018247,126,67.29784543,99,59.71599451,27,32.38826948,97,94.39279634,2126,368.8034707,1426,357.9734627,1004,332.9309238,1004,332.9309238,0,17.32050808,422,193.8169239,278,169,265,158.3224558,13,24.49489743,144,107.196082,136,105.3517916,8,19.89974874,700,180.3635218,511,120.706255,389,116.5890218,122,70.00714249,189,103.8556691
West End,88,275,141,53,50,0,10,0,10,0,10,0,10,0,10,0,10,0,10,0,10,0,10,0,10,0,10,53,50,42,47,14,15,28,45,11,18,222,110,166,92,84,106,84,106,0,10,82,83,55,78,55,78,0,10,27,40,27,40,0,10,56,55,21,19,12,13,9,15,35,56
West Oakland,89,1317,264.0246201,623,222.0292773,276,143.3492239,12,20.59126028,12,20.59126028,0,14.14213562,264,144.3468046,101,150.3329638,70,104.4796631,31,48.05205511,163,96.5194281,145,95.52486587,18,22.36067978,347,176.8191166,164,57.28001397,106,40.70626487,58,39,183,138.0796871,694,175.855054,525,176.8191166,118,66.06814664,118,66.06814664,0,14.14213562,407,160.863296,20,31.6227766,20,31.6227766,0,14.14213562,387,156.4001279,374,153.4828981,13,22.36067978,169,64.03124237,131,52.47856705,95,45.80392996,36,26,38,35.4682957
Westwood,90,3550,395.2024797,558,240.1874268,502,236.6030431,438,232.4413905,438,232.4413905,0,14.14213562,64,53.07541804,17,28.7923601,17,28.7923601,0,14.14213562,47,44.40720662,41,44.40720662,6,15.62049935,56,35.4682957,47,32.52691193,47,32.52691193,0,14.14213562,9,18.02775638,2992,358.2638692,2389,391.4000511,1727,379.5115282,1727,379.5115282,0,14.14213562,662,260.311352,190,122.7110427,176,111.3283432,14,22.36067978,472,215.4181979,458,206.8284313,14,25.07987241,603,127.9140336,534,115.2562363,462,112.9291813,72,37.48332963,69,36.79673899
Windgap,91,1617,325.8864833,147,147.0918081,94,143.3492239,0,14.14213562,0,14.14213562,0,14.14213562,94,143.3492239,0,14.14213562,0,14.14213562,0,14.14213562,94,143.3492239,94,143.3492239,0,14.14213562,53,33.10589071,45,29.52964612,45,29.52964612,0,14.14213562,8,18.86796226,1470,314.0063694,1197,317.9842763,799,269.3584972,799,269.3584972,0,14.14213562,398,225.4706189,217,177.7920133,186,148.2464165,31,34.98571137,181,151.9078668,178,151.9078668,3,12.80624847,273,93.47192092,228,77.69813383,190,74.33034374,38,28.7923601,45,35.44009029
